{
  "efc_technology_uk": {
    "last_checked_at": 1775302874.1701663
  },
  "wwr_programming": {
    "last_checked_at": 1775302877.7420335
  },
  "wwr_devops": {
    "last_checked_at": 1775302878.7664394
  },
  "wwr_management_finance": {
    "last_checked_at": 1775302880.438408
  },
  "remotive_software_dev": {
    "last_checked_at": 1775302881.3804283
  },
  "remotive_devops": {
    "last_checked_at": 1775302882.3236098
  },
  "jobscollider_software": {
    "last_checked_at": 1775302882.9346302
  },
  "jobscollider_devops": {
    "last_checked_at": 1775302886.7307231
  },
  "jobscollider_finance_legal": {
    "last_checked_at": 1775302889.3332944
  },
  "jobicy_fintech_uk_europe": {
    "last_checked_at": 1775302892.0091903
  },
  "jobicy_payments_uk_europe": {
    "last_checked_at": 1775302891.7128267
  }
}