{
  "efc_technology_uk": {
    "last_checked_at": 1775294955.5222087
  },
  "wwr_programming": {
    "last_checked_at": 1775294958.9581032
  },
  "wwr_devops": {
    "last_checked_at": 1775294959.9751668
  },
  "wwr_management_finance": {
    "last_checked_at": 1775294961.2042673
  },
  "remotive_software_dev": {
    "last_checked_at": 1775294963.200163
  },
  "remotive_devops": {
    "last_checked_at": 1775294964.1577523
  },
  "jobscollider_software": {
    "last_checked_at": 1775294964.7802758
  },
  "jobscollider_devops": {
    "last_checked_at": 1775294968.3140821
  },
  "jobscollider_finance_legal": {
    "last_checked_at": 1775294970.8063102
  },
  "jobicy_fintech_uk_europe": {
    "last_checked_at": 1775294973.294919
  },
  "jobicy_payments_uk_europe": {
    "last_checked_at": 1775294974.0601323
  }
}